<?xml version="1.0"?>
<!DOCTYPE hibernate-mapping PUBLIC "-//Hibernate/Hibernate Mapping DTD 3.0//EN"
"http://www.hibernate.org/dtd/hibernate-mapping-3.0.dtd">
<!-- Generated Apr 15, 2016 9:11:43 AM by Hibernate Tools 4.3.1 -->
<hibernate-mapping>
    <class name="cr.ac.una.prograiv.agenda.domain.Personas" table="Personas" catalog="mydb" optimistic-lock="version">
        <id name="pkCedula" type="int">
            <column name="PK_cedula" />
            <generator class="assigned" />
        </id>
        <property name="nombre" type="string">
            <column name="nombre" length="45" not-null="true" />
        </property>
        <property name="apellido1" type="string">
            <column name="apellido1" length="30" not-null="true" />
        </property>
        <property name="apellido2" type="string">
            <column name="apellido2" length="30" />
        </property>
        <property name="fecNacimiento" type="date">
            <column name="fecNacimiento" length="10" not-null="true" />
        </property>
        <property name="sexo" type="java.lang.Integer">
            <column name="sexo" />
        </property>
        <property name="observaciones" type="string">
            <column name="observaciones" length="400" />
        </property>
        <property name="ultUsuario" type="string">
            <column name="ultUsuario" length="20" />
        </property>
        <property name="ultModificacion" type="date">
            <column name="ultModificacion" length="10" />
        </property>
    </class>
</hibernate-mapping>
