<?xml version="1.0" encoding="UTF-8"?>
<project-private xmlns="http://www.netbeans.org/ns/project-private/1">
    <editor-bookmarks xmlns="http://www.netbeans.org/ns/editor-bookmarks/2" lastBookmarkId="0"/>
    <open-files xmlns="http://www.netbeans.org/ns/projectui-open-files/2">
        <group>
            <file>file:/Users/chgari/Documents/Dropbox/WorkSpace/NetBeans/PrograIV-UNA/CRUDAgenda/WebAppAgendaCRUD/web/PersonasJSP.jsp</file>
            <file>file:/Users/chgari/Documents/Dropbox/WorkSpace/NetBeans/PrograIV-UNA/CRUDAgenda/WebAppAgendaCRUD/web/LoginJSP.jsp</file>
            <file>file:/Users/chgari/Documents/Dropbox/WorkSpace/NetBeans/PrograIV-UNA/CRUDAgenda/WebAppAgendaCRUD/web/js/PersonasJS.js</file>
            <file>file:/Users/chgari/Documents/Dropbox/WorkSpace/NetBeans/PrograIV-UNA/CRUDAgenda/WebAppAgendaCRUD/src/java/cr/ac/una/prograiv/agenda/controller/UsuariosServlet.java</file>
            <file>file:/Users/chgari/Documents/Dropbox/WorkSpace/NetBeans/PrograIV-UNA/CRUDAgenda/WebAppAgendaCRUD/web/js/LoginJS.js</file>
            <file>file:/Users/chgari/Documents/Dropbox/WorkSpace/NetBeans/PrograIV-UNA/CRUDAgenda/WebAppAgendaCRUD/src/java/cr/ac/una/prograiv/agenda/controller/Logout.java</file>
            <file>file:/Users/chgari/Documents/Dropbox/WorkSpace/NetBeans/PrograIV-UNA/CRUDAgenda/WebAppAgendaCRUD/src/java/cr/ac/una/prograiv/agenda/controller/PersonasServlet.java</file>
        </group>
    </open-files>
</project-private>
